City_ID,City,Lat,Lng,Max Temp,Humidity,Cloudiness,Wind Speed,Country,Date
0,bethel,41.3712,-73.414,9.2,86,100,1.54,US,1713584085
1,hawaiian paradise park,19.5933,-154.9731,24.37,82,100,4.12,US,1713584085
2,whitehorse,60.7161,-135.0538,14.43,15,20,4.12,CA,1713584086
3,zhaqsy,51.9083,67.3133,19.18,58,8,1.82,KZ,1713584086
4,luanco,43.6152,-5.7934,13.1,87,24,5.81,ES,1713584087
5,port mathurin,-19.6833,63.4167,26.38,73,100,9.64,MU,1713584087
6,hobyo,5.3505,48.5268,29.7,74,57,3.81,SO,1713584088
7,waitangi,-43.9535,-176.5597,14.9,82,4,1.79,NZ,1713584088
8,avarua,-21.2078,-159.775,27.03,74,75,2.06,CK,1713583951
9,manggar,-2.8833,108.2667,30.37,67,40,3.24,ID,1713584089
10,mejit,10.2753,170.8646,27.59,81,61,9.25,MH,1713584090
11,adamstown,-25.066,-130.1015,22.89,75,9,11.64,PN,1713584090
12,bilibino,68.0546,166.4372,-11.69,82,100,1.98,RU,1713584091
13,grytviken,-54.2811,-36.5092,5.57,98,98,3.81,GS,1713584091
14,puerto ayora,-0.7393,-90.3518,24.19,98,84,1.76,EC,1713584092
15,susuman,62.7833,148.1667,-3.34,77,87,1.34,RU,1713584092
16,albany,42.6001,-73.9662,11.24,76,100,0.45,US,1713584093
17,turpan,42.9333,89.1667,26.55,14,0,1.6,CN,1713584093
18,yellowknife,62.456,-114.3525,7.29,45,20,3.6,CA,1713584094
19,karratha,-20.7377,116.8463,30.79,21,77,9.95,AU,1713584094
20,nole,45.2412,7.5731,9.4,79,0,2.57,IT,1713584095
21,port elizabeth,-33.918,25.5701,18.51,96,20,1.54,ZA,1713584095
22,edinburgh of the seven seas,-37.0676,-12.3116,13.66,75,87,12.42,SH,1713584096
23,kodiak,57.79,-152.4072,4.73,93,100,7.72,US,1713584096
24,badger,64.8,-147.5333,18.14,15,0,2.57,US,1713583946
25,vilyuchinsk,52.9306,158.4028,6.15,93,100,1.18,RU,1713584098
26,pangai,-19.8,-174.35,28.06,74,75,6.69,TO,1713584098
27,klyuchi,52.2667,79.1667,10.35,51,42,4.52,RU,1713584099
28,port-aux-francais,-49.35,70.2167,4.47,74,49,8.88,TF,1713584099
29,naregal,15.5833,75.8167,25.3,70,100,3.71,IN,1713584100
30,hilo,19.7297,-155.09,24.49,84,100,4.12,US,1713583946
31,cadale,2.7603,46.3222,29.11,77,99,4.75,SO,1713584101
32,palmer,42.1584,-72.3287,9.34,75,100,4.12,US,1713583887
33,weatherford,32.7593,-97.7972,17.73,74,100,2.24,US,1713584102
34,daru,-9.0763,143.2092,29.85,69,100,4.14,PG,1713584102
35,alice springs,-23.7,133.8833,20.75,37,0,7.2,AU,1713583820
36,marsh harbour,26.5412,-77.0636,22.89,75,12,3.87,BS,1713584103
37,kandi,11.1342,2.9386,29.39,54,36,3.76,BJ,1713584104
38,dauphin,51.1494,-100.0502,-1.92,59,0,4.12,CA,1713584104
39,asia,9.5506,122.5164,32.44,49,49,2.62,PH,1713584105
40,invercargill,-46.4,168.35,12.79,71,82,5.36,NZ,1713583841
41,olonkinbyen,70.9221,-8.7187,-3.93,61,89,4.9,SJ,1713584105
42,ribeira grande,38.5167,-28.7,16.54,92,50,2.24,PT,1713584106
43,tiksi,71.6872,128.8694,-0.74,80,86,1.19,RU,1713584107
44,port shepstone,-30.7414,30.455,20.09,73,4,2.94,ZA,1713584107
45,fortuna,40.5982,-124.1573,13.29,91,0,0.0,US,1713584108
46,vila franca do campo,37.7167,-25.4333,18.27,99,72,2.5,PT,1713584108
47,north ward,-19.2454,146.8075,29.95,58,97,6.17,AU,1713584109
48,elverum,60.8819,11.5623,-1.51,87,76,1.29,NO,1713584109
49,saint-francois,46.4154,3.9054,5.79,88,40,5.14,FR,1713584110
50,codrington,-38.2667,141.9667,15.52,60,11,4.48,AU,1713584110
51,prado,-17.3411,-39.2208,23.61,94,81,3.48,BR,1713584111
52,sinabang,2.4803,96.3801,25.72,90,100,1.29,ID,1713584111
53,betioky,-23.7167,44.3833,21.18,88,75,0.65,MG,1713584112
54,sitka,57.0531,-135.33,13.94,33,0,1.54,US,1713584112
55,tarawa,1.419,172.984,31.05,74,40,5.14,KI,1713584113
56,minas de marcona,-15.2119,-75.1103,16.68,80,54,1.88,PE,1713584113
57,caluula,11.9661,50.7569,29.76,70,14,4.15,SO,1713584114
58,ikom,5.9667,8.7063,24.73,93,80,0.52,NG,1713584114
59,nova vicosa,-17.8919,-39.3719,24.9,86,97,7.04,BR,1713584115
60,sassandra,4.95,-6.0833,27.51,85,47,2.38,CI,1713584116
61,puerto gaitan,4.3133,-72.0816,26.12,83,100,0.85,CO,1713584116
62,dzuunharaa,48.8523,106.4579,11.48,39,80,5.63,MN,1713584117
63,tamanrasset,22.785,5.5228,14.95,9,0,0.0,DZ,1713584117
64,livny,52.4253,37.6069,4.95,76,24,3.88,RU,1713584118
65,blackmans bay,-43.0167,147.3167,16.96,53,12,1.24,AU,1713584118
66,neiafu,-18.65,-173.9833,28.38,74,20,3.6,TO,1713584119
67,rusape,-18.5278,32.1284,12.16,97,0,0.69,ZW,1713584119
68,hamilton,39.1834,-84.5333,11.67,62,66,1.34,US,1713584120
69,kununurra,-15.7667,128.7333,29.99,25,10,6.17,AU,1713584120
70,conduaga,8.862,117.4893,34.05,47,35,3.63,PH,1713584121
71,rongelap,11.1635,166.8941,27.16,81,56,8.62,MH,1713584121
72,tangalle,6.024,80.7911,32.09,66,98,3.46,LK,1713584122
73,st. john's,47.5649,-52.7093,-0.68,92,20,7.72,CA,1713583987
74,port alfred,-33.5906,26.891,17.88,99,47,0.45,ZA,1713584123
75,la passe,45.5549,-0.8967,8.34,88,36,3.81,FR,1713584123
76,al wajh,26.2455,36.4525,20.97,68,0,1.54,SA,1713584124
77,aykhal,66.0,111.5,-1.4,97,99,4.25,RU,1713584124
78,udachny,66.4167,112.4,-0.31,89,95,4.32,RU,1713584125
79,ust-nera,64.5667,143.2,-1.84,79,23,2.05,RU,1713584125
80,pajok,3.8651,32.4821,19.98,95,100,2.27,SS,1713584126
81,itoman,26.1247,127.6694,27.01,66,75,8.75,JP,1713584126
82,okhotsk,59.3833,143.3,2.21,78,41,2.59,RU,1713584127
83,guatrache,-37.6678,-63.5302,13.69,44,66,1.88,AR,1713584127
84,salmon arm,50.6998,-119.3024,9.62,37,92,1.03,CA,1713584128
85,gadzhiyevo,69.2551,33.3362,-5.96,72,100,9.05,RU,1713584128
86,bychawa,51.0161,22.533,4.92,79,100,4.89,PL,1713584130
87,soligalich,59.0778,42.2864,3.16,79,96,7.02,RU,1713584130
88,la sarre,48.8002,-79.1996,0.66,82,90,6.3,CA,1713584131
89,kinmparana,12.8402,-4.9199,29.47,10,15,2.63,ML,1713584131
90,kilju,40.9642,129.3278,15.63,35,100,1.45,KP,1713584132
91,erbil,36.1926,44.0106,14.9,82,56,1.03,IQ,1713584133
92,talakan,50.3167,130.3667,9.14,45,6,1.64,RU,1713584133
93,upper dir,35.2058,71.8756,14.52,65,99,0.63,PK,1713584134
94,lanzhou,36.0564,103.7922,13.31,49,100,2.53,CN,1713584134
95,ushuaia,-54.8,-68.3,1.81,80,100,11.83,AR,1713584135
96,winkler,49.1817,-97.941,-0.57,69,39,5.66,CA,1713584135
97,georgetown,5.4112,100.3354,31.97,66,20,1.03,MY,1713584136
98,teluknaga,-6.0989,106.6381,32.1,62,20,3.09,ID,1713584136
99,mata-utu,-13.2816,-176.1745,29.29,78,78,9.39,WF,1713584137
100,klaksvik,62.2266,-6.589,3.51,72,100,6.86,FO,1713584138
101,conceicao do jacuipe,-12.3167,-38.7667,24.16,82,77,0.9,BR,1713584138
102,west island,-12.1568,96.8225,29.99,66,40,7.72,CC,1713584139
103,bakshwaho,24.25,79.3,34.59,15,7,6.31,IN,1713584139
104,san luis de la loma,17.2706,-100.8939,24.87,63,0,2.32,MX,1713584140
105,puerto natales,-51.7236,-72.4875,1.8,93,20,2.5,CL,1713584140
106,malango,-2.9627,119.9001,29.76,57,100,1.81,ID,1713584141
107,kapa'a,22.0752,-159.319,25.99,84,100,8.23,US,1713584141
108,thompson,55.7435,-97.8558,-5.91,86,20,0.0,CA,1713584142
109,huarmey,-10.0681,-78.1522,21.08,84,76,2.84,PE,1713584142
110,amassoma,4.9692,6.1097,26.05,92,100,1.61,NG,1713584143
111,qaqortoq,60.7167,-46.0333,-5.5,93,61,1.86,GL,1713584143
112,bredasdorp,-34.5322,20.0403,15.45,95,100,0.64,ZA,1713584144
113,lata,40.1629,-8.3327,14.49,94,99,1.43,PT,1713584144
114,severo-yeniseyskiy,60.3725,93.0408,-2.46,88,100,4.02,RU,1713584145
115,mar del plata,-38.0023,-57.5575,16.04,74,0,1.34,AR,1713584145
116,suwayr,30.1171,40.3893,21.52,25,5,2.98,SA,1713584146
117,ponta delgada,37.7333,-25.6667,18.44,94,75,5.66,PT,1713584147
118,kristiansund,63.1115,7.732,2.36,87,75,6.69,NO,1713584147
119,kingston,17.997,-76.7936,27.53,69,20,1.03,JM,1713584148
120,fiche,9.8,38.7333,15.95,56,100,0.74,ET,1713584148
121,utrik,11.2278,169.8474,27.24,81,74,8.49,MH,1713584149
122,ghadamis,30.1337,9.5007,15.18,47,49,7.03,LY,1713584149
123,lebu,-37.6167,-73.65,10.91,84,97,3.88,CL,1713584150
124,misratah,32.3754,15.0925,14.95,66,2,4.25,LY,1713584150
125,gornozavodsk,58.3758,58.3211,16.24,72,51,3.52,RU,1713584151
126,ati,13.2154,18.3353,28.3,14,67,1.41,TD,1713584151
127,port saint john's,-31.6229,29.5448,20.22,75,7,2.21,ZA,1713584152
128,jinxiang,27.4327,120.6062,24.12,76,99,3.98,CN,1713584152
129,ketchikan,55.3422,-131.6461,13.26,33,0,2.06,US,1713583868
130,joao pinheiro,-17.7425,-46.1725,20.66,86,33,3.47,BR,1713584153
131,ironwood,46.4547,-90.171,0.45,55,100,5.66,US,1713584154
132,hadibu,12.65,54.0333,28.07,73,10,2.98,YE,1713584154
133,nemuro,43.3236,145.575,2.59,91,100,11.31,JP,1713584155
134,kale,50.9581,1.8521,4.98,62,84,11.34,FR,1713584155
135,linjiang,41.8069,126.9078,13.31,58,100,1.1,CN,1713584156
136,talnakh,69.4865,88.3972,-14.33,90,100,2.31,RU,1713584156
137,sechura,-5.5569,-80.8222,22.82,74,92,4.43,PE,1713584157
138,daga,27.0753,89.8769,19.96,54,27,2.93,BT,1713584157
139,juegang,32.3174,121.1855,16.73,80,100,8.77,CN,1713584158
140,wailua homesteads,22.0669,-159.378,25.24,84,100,8.23,US,1713584158
141,sarupathar,26.1984,93.8094,30.72,48,20,1.02,IN,1713584159
142,lompoc,34.6391,-120.4579,13.9,87,100,3.09,US,1713583963
143,tokoroa,-38.2333,175.8667,12.02,99,100,1.69,NZ,1713584160
144,hermanus,-34.4187,19.2345,16.26,88,100,0.98,ZA,1713584160
145,ambikapur,23.1167,83.2,36.43,15,1,5.02,IN,1713584161
146,akureyri,65.6835,-18.0878,5.96,65,40,10.29,IS,1713584162
147,coahuayana de hidalgo,18.7,-103.6583,20.34,83,0,1.09,MX,1713584162
148,yeraliyev,43.2,51.65,22.5,34,1,5.37,KZ,1713584163
149,tazacorte,28.629,-17.9293,18.54,80,0,3.09,ES,1713584163
150,qarauyl,48.9451,79.255,13.09,46,17,7.7,KZ,1713584164
151,carnarvon,-24.8667,113.6333,30.3,30,0,5.24,AU,1713584164
152,margaret river,-33.95,115.0667,24.86,37,81,4.25,AU,1713584165
153,blackwater,-23.5833,148.8833,17.48,83,100,3.74,AU,1713584166
154,vorgashor,67.5833,63.95,-19.0,92,11,4.02,RU,1713584166
155,luoyang,34.6836,112.4536,23.3,37,58,2.81,CN,1713584167
156,hasaki,35.7333,140.8333,25.16,43,100,2.68,JP,1713584167
157,remire-montjoly,4.9167,-52.2667,26.02,94,75,1.03,GF,1713584168
158,humberto de campos,-2.5983,-43.4611,24.39,95,99,0.34,BR,1713584168
159,ilulissat,69.2167,-51.1,-6.99,79,100,2.57,GL,1713584169
160,san antonio de pale,-1.4014,5.6325,28.26,83,99,3.91,GQ,1713584169
161,khabarovsk,48.4808,135.0928,6.89,81,75,3.0,RU,1713584170
162,lerwick,60.1545,-1.1494,3.0,60,100,5.61,GB,1713584170
163,bandar abbas,27.1865,56.2808,23.99,83,20,2.06,IR,1713584171
164,tharyarwady,17.65,95.8,36.07,35,24,3.57,MM,1713584171
165,souillac,-20.5167,57.5167,23.53,100,75,1.54,MU,1713584172
166,baise city,23.8997,106.6133,32.41,57,55,1.6,CN,1713584172
167,iqaluit,63.7506,-68.5145,-14.15,72,0,4.12,CA,1713584173
168,al bardiyah,31.7561,25.0865,15.67,72,84,7.08,LY,1713584173
169,anadyr,64.75,177.4833,-6.72,73,20,2.0,RU,1713584174
170,mhangura,-16.8939,30.1683,17.25,87,53,0.99,ZW,1713584174
171,xuanzhou,30.9525,118.7553,18.9,81,100,4.35,CN,1713584175
172,broken hill,-31.95,141.4333,19.99,33,0,8.51,AU,1713584169
173,constantia,44.1833,28.65,7.61,81,100,6.66,RO,1713584176
174,susaki,33.3667,133.2833,21.04,60,100,1.94,JP,1713584177
175,stanley,54.868,-1.6985,0.95,84,17,2.32,GB,1713584177
176,shingu,33.7333,135.9833,23.46,45,100,3.32,JP,1713584178
177,ad dilam,23.9915,47.1627,26.71,21,4,3.1,SA,1713584178
178,as sulayyil,20.4607,45.5779,24.14,24,8,3.38,SA,1713584179
179,northam,51.0333,-4.2167,6.45,88,13,3.35,GB,1713584179
180,newman,37.3138,-121.0208,21.13,75,0,0.45,US,1713584180
181,kainantu,-6.2887,145.8655,24.56,60,100,2.97,PG,1713584180
182,weno,7.4515,151.8468,30.97,89,100,3.6,FM,1713584181
183,bagrationovsk,54.3871,20.6437,3.64,99,100,3.85,RU,1713584181
184,keflavik,64.0049,-22.5624,7.95,100,100,10.29,IS,1713584182
185,laguna,38.421,-121.4238,21.28,70,0,4.63,US,1713584182
186,luis correia,-2.8792,-41.6669,24.85,92,100,1.31,BR,1713584183
187,taungoo,18.9333,96.4333,36.06,36,1,3.62,MM,1713584183
188,papatowai,-46.5619,169.4708,12.81,68,88,4.16,NZ,1713584184
189,longyearbyen,78.2186,15.6401,-1.09,64,75,10.29,SJ,1713584185
190,edson,53.5835,-116.4356,3.08,28,0,3.6,CA,1713584155
191,kalaleh,37.3807,55.4916,13.78,77,0,0.0,IR,1713584185
192,buala,-8.145,159.5921,29.14,78,81,1.17,SB,1713584186
193,nitra,48.3076,18.0845,5.08,94,100,3.15,SK,1713584186
194,kuta,-8.7233,115.1723,30.97,79,20,8.94,ID,1713584187
195,zaranj,30.9667,61.8833,18.98,27,0,3.01,AF,1713584188
196,pergamos,35.0417,33.7083,17.82,80,43,0.99,GB,1713584188
197,iskateley,67.6803,53.1512,-17.21,82,32,7.6,RU,1713584189
198,jatiroto,-7.8833,111.1167,30.38,68,97,0.48,ID,1713584189
199,mubi,10.2676,13.2644,27.67,50,82,3.5,NG,1713584190
200,road town,18.4167,-64.6167,25.49,76,5,6.46,VG,1713583996
201,manado,1.487,124.8455,33.43,58,40,4.12,ID,1713584191
202,college,64.8569,-147.8028,18.18,26,20,2.57,US,1713584191
203,jamestown,42.097,-79.2353,10.77,59,75,4.63,US,1713584013
204,lluta,-16.0147,-72.0142,11.17,36,62,0.84,PE,1713584192
205,auki,-8.7676,160.7034,28.33,82,79,0.93,SB,1713584193
206,berbera,10.4396,45.0143,29.24,80,100,1.03,SO,1713583933
207,sao gabriel da cachoeira,-0.1303,-67.0892,23.25,99,100,0.82,BR,1713584193
208,pavlovka,52.6897,47.1405,11.61,62,79,2.44,RU,1713584194
209,nar'yan-mar,67.6713,53.087,-17.16,82,27,7.6,RU,1713584194
210,al jawf,29.5,38.75,20.8,28,2,2.19,SA,1713584195
211,namibe,-15.1961,12.1522,25.56,71,83,2.31,AO,1713584196
212,techiman,7.5862,-1.9414,24.27,90,70,2.82,GH,1713584197
213,mount gambier,-37.8333,140.7667,17.22,50,1,3.68,AU,1713584197
214,bintulu,3.1667,113.0333,32.23,74,40,0.0,MY,1713584198
215,callao,-12.0667,-77.15,24.84,78,0,2.57,PE,1713584198
216,tynda,55.1667,124.7167,0.45,98,100,2.08,RU,1713584199
217,sungailiat,-1.85,106.1333,30.66,68,86,2.05,ID,1713584199
218,isafjordur,66.0755,-23.124,2.01,97,100,5.02,IS,1713584200
219,yarmouth,41.7057,-70.2286,8.31,82,75,1.54,US,1713584200
220,knyaze-volkonskoye,48.4642,135.4567,7.19,79,100,3.58,RU,1713584201
221,punta arenas,-53.15,-70.9167,2.06,69,40,6.17,CL,1713584202
222,manismata,-2.4667,111.0333,29.66,81,54,0.24,ID,1713584202
223,saipan,15.1355,145.701,31.39,66,40,6.17,MP,1713584203
224,nosy varika,-20.5833,48.5333,21.9,86,100,1.76,MG,1713584203
225,mallow,52.1333,-8.6333,7.57,95,55,0.99,IE,1713584204
226,pisco,-13.7,-76.2167,21.03,83,0,3.09,PE,1713584204
227,kailua-kona,19.6406,-155.9956,26.98,82,75,4.63,US,1713584205
228,kodinsk,58.6881,99.1844,1.36,99,100,1.21,RU,1713584206
229,atafu village,-8.5421,-172.5159,29.87,73,95,5.32,TK,1713584206
230,tharangambadi,11.0319,79.8528,31.61,65,95,4.18,IN,1713584207
231,hingoli,19.7167,77.15,36.39,23,52,5.91,IN,1713584207
232,aver-o-mar,41.4078,-8.7812,17.36,82,0,1.03,PT,1713584208
233,chonchi,-42.6128,-73.8092,8.4,92,92,0.86,CL,1713584208
234,altamont,42.2068,-121.7372,13.0,40,0,3.6,US,1713583910
235,kenai,60.5544,-151.2583,10.05,49,0,7.2,US,1713584209
236,murghob,38.1702,73.9667,-0.96,71,100,1.66,TJ,1713584210
237,colonia,50.9333,6.95,6.09,88,75,5.14,DE,1713584210
238,strelka,58.0728,93.0344,1.08,90,100,6.39,RU,1713584211
239,labasa,-16.4167,179.3833,28.55,75,81,4.54,FJ,1713584211
240,laojunmiao,39.8333,97.7333,12.42,28,10,3.99,CN,1713584212
241,essaouira,31.5125,-9.77,15.72,88,40,2.06,MA,1713584213
242,mocimboa,-11.3167,40.35,24.0,94,90,4.61,MZ,1713584213
243,nuku'alofa,-21.1333,-175.2,28.19,69,75,5.66,TO,1713584214
244,olyokminsk,60.3736,120.4264,4.41,82,100,3.0,RU,1713584214
245,sant'ambrogio di valpollicella,45.5209,10.8362,7.62,79,43,3.15,IT,1713584215
246,prestatyn,53.3375,-3.4078,5.59,95,24,2.78,GB,1713584215
247,kaa-khem,51.6833,94.7333,8.0,42,20,6.72,RU,1713584216
248,katsuren-haebaru,26.3369,127.8719,27.01,69,40,8.23,JP,1713584216
249,sittwe,20.15,92.9,28.96,74,86,3.92,MM,1713584217
250,devils lake,48.1128,-98.8651,0.06,80,100,8.05,US,1713584218
251,khagrachhari,23.1,91.9667,33.46,49,47,3.83,BD,1713584218
252,muromtsevo,56.3724,75.2418,5.65,71,43,2.79,RU,1713584219
253,kalmunai,7.4167,81.8167,29.81,69,100,0.95,LK,1713584220
254,san pedro pochutla,15.7333,-96.4667,26.18,66,0,3.17,MX,1713584220
255,kargasok,59.0556,80.8572,-5.02,76,21,4.92,RU,1713584221
256,bogra,24.85,89.3667,34.8,31,0,1.07,BD,1713584221
257,nova sintra,14.8667,-24.7167,23.63,80,49,12.52,CV,1713584222
258,saint-joseph,-21.3667,55.6167,22.21,78,100,4.28,RE,1713584222
259,i-n-salah,27.1935,2.4607,25.32,10,77,1.96,DZ,1713584223
260,lihue,21.9789,-159.3672,25.58,79,100,8.23,US,1713584224
261,puerto deseado,-47.7503,-65.8938,8.33,50,95,8.43,AR,1713584224
262,bel ombre,-4.6167,55.4167,26.91,89,20,0.51,SC,1713584225
263,castillos,-34.1667,-53.8333,14.87,95,97,2.54,UY,1713584225
264,marsabit,2.3284,37.9899,18.9,83,65,5.21,KE,1713584226
265,gilgit,35.9221,74.3087,9.9,91,100,1.16,PK,1713584226
266,alo,7.4178,6.7371,26.65,82,17,1.66,NG,1713584227
267,dazhong,33.1997,120.4578,15.16,83,100,7.31,CN,1713584227
268,sertanopolis,-23.0586,-51.0364,19.04,74,0,2.08,BR,1713584228
269,pariaman,-0.619,100.12,29.03,89,100,0.58,ID,1713584228
270,touros,-5.1989,-35.4608,25.5,91,100,3.4,BR,1713584229
271,at taj,24.2049,23.2857,19.32,19,0,3.45,LY,1713584229
272,bereznik,62.8551,42.7072,2.69,100,100,3.88,RU,1713584230
273,gordonvale,-17.0936,145.7842,29.88,82,97,2.03,AU,1713584230
274,uturoa,-16.7333,-151.4333,28.64,75,78,5.85,PF,1713584231
275,okha,53.5739,142.9478,-0.42,94,100,6.26,RU,1713584231
276,tolanaro,-25.0319,46.9987,21.04,88,20,2.06,MG,1713584232
277,aasiaat,68.7098,-52.8699,-10.11,89,100,2.16,GL,1713584232
278,lock haven,41.137,-77.4469,12.27,93,97,0.95,US,1713584029
279,polyarnyy,69.1989,33.4478,-6.24,73,99,9.04,RU,1713584233
280,valday,57.9747,33.2525,-3.53,91,100,4.88,RU,1713584234
281,ancud,-41.8697,-73.8203,10.06,85,98,1.92,CL,1713584235
282,afaahiti,-17.75,-149.2833,28.92,77,72,6.99,PF,1713584235
283,shiqi,22.5168,113.3852,29.39,48,34,8.64,CN,1713584236
284,belmonte,-15.8631,-38.8828,22.9,96,72,4.64,BR,1713584236
285,bardai,11.65,7.2333,25.12,50,34,4.07,NG,1713584237
286,old town,50.087,14.4202,6.11,91,100,6.17,CZ,1713584237
287,new norfolk,-42.7826,147.0587,17.62,36,14,1.7,AU,1713584238
288,aral,40.5156,81.2636,22.09,20,77,2.28,CN,1713584238
289,kokopo,-4.352,152.2633,30.55,61,29,4.45,PG,1713584239
290,chinchilla,-26.75,150.6333,18.0,68,94,1.73,AU,1713584239
291,baihe,22.15,107.2333,34.73,44,80,6.07,CN,1713584240
292,wurtulla,-26.7568,153.1256,20.6,99,99,1.79,AU,1713584240
293,kittila,67.6647,24.8936,-9.1,62,0,4.12,FI,1713584241
294,antigonish,45.6169,-61.9986,2.12,90,46,0.45,CA,1713584241
295,midvagur,62.0511,-7.1939,3.46,81,100,3.6,FO,1713584242
296,cabedelo,-6.9811,-34.8339,26.37,84,100,4.78,BR,1713584243
297,springbok,-29.6643,17.8865,19.38,48,100,1.11,ZA,1713584243
298,cabo san lucas,22.8909,-109.9124,26.17,36,0,2.57,MX,1713583878
299,revda,56.801,59.9303,19.81,54,0,4.51,RU,1713584244
300,markala,13.7021,-6.0659,28.92,8,0,4.28,ML,1713584244
301,beacon square,28.2086,-82.7554,23.99,85,0,3.98,US,1713584008
302,nizhniy ingash,56.2,96.53,0.47,96,100,6.36,RU,1713584245
303,leninskoye,41.7589,69.3864,20.03,46,100,1.32,KZ,1713584246
304,vyksa,55.3175,42.1744,7.04,75,4,4.22,RU,1713584247
305,ta`u,-14.2336,-169.5144,28.97,78,76,6.39,AS,1713584248
306,san agustin,20.5333,-103.4667,26.62,14,0,3.09,MX,1713584248
307,lazarevac,44.3853,20.2557,2.91,61,10,2.1,RS,1713584249
308,askoy,60.4092,5.226,3.19,81,75,8.75,NO,1713584249
309,arraial do cabo,-22.9661,-42.0278,23.34,61,0,2.29,BR,1713584250
310,tralee,52.2704,-9.7026,6.07,92,62,1.52,IE,1713584250
311,ribeira brava,32.65,-17.0667,18.73,74,45,2.75,PT,1713584251
312,ola,59.5833,151.2833,3.97,90,14,2.34,RU,1713584251
313,tura,25.5198,90.2201,33.41,36,0,2.91,IN,1713584252
314,maceio,-9.6658,-35.7353,25.69,94,75,1.54,BR,1713584252
315,ilebo,-4.3167,20.5833,21.55,99,100,0.61,CD,1713584253
316,sandnessjoen,66.0217,12.6316,-5.71,60,15,4.58,NO,1713584253
317,dabou,5.3256,-4.3769,27.77,85,13,3.07,CI,1713584254
318,faya-largeau,17.9257,19.1043,29.52,13,0,7.14,TD,1713584254
319,ak'ordat,15.5486,37.8867,26.11,39,11,0.88,ER,1713584255
320,kapuskasing,49.4169,-82.4331,2.05,75,100,7.2,CA,1713584255
321,filingue,14.3521,3.3168,28.04,13,5,2.46,NE,1713584256
322,kinston,35.2627,-77.5816,20.06,88,100,2.06,US,1713584256
323,pandan,14.0453,124.1694,31.16,57,89,2.51,PH,1713584257
324,tavda,58.0425,65.2726,5.94,94,57,1.79,RU,1713584257
325,shimoda,34.6667,138.95,20.61,60,100,2.03,JP,1713584258
326,jieshi,22.8134,115.8257,25.98,87,38,6.26,CN,1713584259
327,camalu,30.85,-116.0667,15.36,84,1,4.18,MX,1713584259
328,mount pearl,47.5166,-52.7813,-1.14,92,20,7.72,CA,1713584143
329,labuan,5.2767,115.2417,31.2,74,20,0.0,MY,1713584260
330,yokadouma,3.5167,15.05,20.2,99,67,0.97,CM,1713584261
331,plouzane,48.3833,-4.6167,8.03,93,0,3.09,FR,1713584261
332,fort bragg,35.139,-79.006,20.08,91,0,1.54,US,1713583995
333,charters towers,-20.1,146.2667,28.5,51,84,1.95,AU,1713583994
334,swakopmund,-22.6833,14.5333,12.47,81,11,1.81,NA,1713583984
335,isla,15.8939,120.3036,37.95,25,0,6.46,PH,1713584263
336,thurso,58.5927,-3.5259,3.14,69,97,2.08,GB,1713584263
337,kimbe,-5.5502,150.1429,30.51,70,71,2.12,PG,1713584264
338,praia,14.9215,-23.5087,26.3,41,0,9.26,CV,1713584264
339,la gi,10.6667,107.7833,31.41,60,40,5.18,VN,1713584265
340,ebon,4.582,168.6964,27.09,82,98,6.13,MH,1713584265
341,labytnangi,66.6572,66.4183,-18.68,90,98,1.94,RU,1713584266
342,novodvinsk,64.4165,40.8122,-4.01,75,100,5.48,RU,1713584266
343,sakakah,29.9697,40.2064,21.76,24,7,1.79,SA,1713584267
344,luwuk,-0.9516,122.7875,29.03,73,93,2.17,ID,1713584267
345,mogadishu,2.0371,45.3438,28.72,81,63,6.09,SO,1713584135
346,usogorsk,63.4106,48.6872,-2.41,86,100,4.57,RU,1713584268
347,flying fish cove,-10.4217,105.6791,24.82,100,75,2.06,CX,1713584269
348,vilyuysk,63.7553,121.6247,0.56,100,100,3.58,RU,1713584269
349,east london,-33.0153,27.9116,19.52,100,100,1.54,ZA,1713584270
350,amble,55.3333,-1.5833,3.08,81,88,3.6,GB,1713584270
351,sandpoint,48.2766,-116.5533,8.08,27,0,4.63,US,1713584271
352,hammerfest,70.6634,23.6821,-4.75,54,11,4.63,NO,1713584271
353,trujillo,-8.116,-79.03,20.98,73,20,2.57,PE,1713584272
354,porto novo,6.4965,2.6036,27.46,83,100,2.22,BJ,1713584273
355,zouerate,22.7187,-12.4521,21.85,38,96,4.38,MR,1713584273
356,san patricio,28.017,-97.5169,24.97,85,36,4.84,US,1713584274
357,penzance,50.1186,-5.5371,7.09,78,12,5.32,GB,1713584274
358,berea,41.3662,-81.8543,10.99,47,100,5.14,US,1713584275
359,vershino-darasunskiy,52.35,115.5167,4.26,47,100,1.61,RU,1713584275
360,carbonear,47.7332,-53.2148,-0.42,89,14,4.5,CA,1713584276
361,cooper's town,26.8667,-77.5167,23.03,75,2,3.81,BS,1713584276
362,coari,-4.085,-63.1414,24.11,98,99,1.05,BR,1713584277
363,zaozersk,69.4005,32.4476,-6.04,74,100,8.9,RU,1713584277
364,vila velha,-20.3297,-40.2925,22.97,86,75,5.14,BR,1713584278
365,sao pedro,-22.5486,-47.9139,14.52,88,0,1.84,BR,1713584278
366,el calafate,-50.3408,-72.2768,3.64,69,7,3.83,AR,1713584279
367,noumea,-22.2763,166.4572,30.0,99,86,2.61,NC,1713583981
368,dwarka,22.2394,68.9678,27.46,61,55,5.53,IN,1713584280
369,madalena,41.2162,-8.3345,16.37,81,96,0.76,PT,1713584280
370,san-pedro,4.7485,-6.6363,27.83,84,31,2.7,CI,1713584281
371,choibalsan,48.0667,114.5,10.5,19,28,3.14,MN,1713584281
372,wattegama,6.7989,81.4808,32.87,54,72,0.49,LK,1713584282
373,ak-suu,42.4995,78.527,12.72,46,100,1.87,KG,1713584282
374,damghan,36.1683,54.348,18.99,19,27,1.0,IR,1713584283
375,gaigeturi,33.4644,126.3183,21.03,68,100,5.14,KR,1713584283
376,tarauaca,-8.1614,-70.7656,23.14,95,87,0.48,BR,1713584284
377,tofol,5.3248,163.0078,26.88,89,100,3.09,FM,1713584285
378,kirakira,-10.4544,161.9205,29.55,75,78,1.98,SB,1713584285
379,nichinan,31.6,131.3667,19.82,72,100,5.46,JP,1713584286
380,lospalos,-8.5186,127.0025,27.36,70,62,4.86,TL,1713584287
381,fayroz koh,34.5195,65.2509,7.62,69,29,1.75,AF,1713584287
382,lindisfarne,-42.8333,147.35,17.78,53,0,5.66,AU,1713584288
383,general villegas,-35.0328,-63.0125,16.6,88,100,2.94,AR,1713584288
384,buritis,-15.6178,-46.4233,22.68,77,26,1.57,BR,1713584289
385,vilhena,-12.7406,-60.1458,21.03,95,96,1.58,BR,1713584289
386,tazovsky,67.4667,78.7,-15.79,91,100,7.19,RU,1713584290
387,kruisfontein,-34.0033,24.7314,14.94,95,27,0.45,ZA,1713584290
388,egilsstadir,65.2653,-14.3948,2.95,81,0,10.29,IS,1713584291
389,waddan,29.1614,16.139,13.63,64,19,2.82,LY,1713584291
390,rancho palos verdes,33.7445,-118.387,15.96,87,40,5.66,US,1713584225
391,popesti,47.2333,22.4167,2.77,65,13,2.17,RO,1713584292
392,spring creek,40.7266,-115.5859,12.83,41,60,1.34,US,1713584293
393,fort-shevchenko,44.5086,50.263,20.77,43,0,5.68,KZ,1713584293
394,ciudad lazaro cardenas,17.9583,-102.2,23.26,71,0,1.68,MX,1713584294
395,huambo,-12.7761,15.7392,15.89,72,19,1.54,AO,1713584294
396,los llanos de aridane,28.6585,-17.9182,16.86,80,0,3.09,ES,1713584295
397,pyapon,16.2833,95.6833,35.97,36,3,4.41,MM,1713584296
398,timimoun,29.2639,0.231,22.21,37,100,11.32,DZ,1713584296
399,usinsk,65.9939,57.5281,-12.18,88,99,8.05,RU,1713584297
400,lazaro cardenas,17.9583,-102.2,23.26,71,0,1.68,MX,1713584294
401,bredy,52.4153,60.3411,19.57,52,27,1.32,RU,1713584298
402,vera cruz,-12.6333,-41.0333,22.76,95,58,0.81,BR,1713584298
403,dudinka,69.4058,86.1778,-14.07,94,100,3.13,RU,1713584299
404,menaka,15.9182,2.4022,30.0,9,5,3.6,ML,1713584299
405,petropavlovsk-kamchatsky,53.0452,158.6483,5.33,95,20,7.0,RU,1713584300
406,lewistown,40.5992,-77.5714,12.41,93,100,0.0,US,1713584300
407,newnham,-41.3833,147.1333,19.53,39,31,2.57,AU,1713584301
408,saudarkrokur,65.7461,-19.6394,4.42,91,100,8.4,IS,1713584301
409,bryne,58.7354,5.6477,4.97,93,75,6.69,NO,1713584302
410,port lincoln,-34.7333,135.8667,16.13,62,3,4.32,AU,1713584302
411,jeremoabo,-10.075,-38.4808,21.3,92,59,2.03,BR,1713584303
412,oban,56.4127,-5.4706,0.77,85,90,0.82,GB,1713584303
413,sokoni,-6.4333,39.55,25.53,85,100,5.38,TZ,1713584304
414,smithers,54.7804,-127.1743,10.18,17,0,0.0,CA,1713584103
415,suifenhe,44.4,131.1667,11.96,29,31,3.26,CN,1713584305
416,cole harbour,44.6724,-63.4751,4.71,89,61,1.34,CA,1713584305
417,ramon',51.9157,39.3361,6.72,93,0,1.0,RU,1713584306
418,coquimbo,-29.9533,-71.3436,13.85,94,0,1.54,CL,1713584306
419,akjoujt,19.6969,-14.4164,26.84,23,100,8.46,MR,1713584307
420,trebur,49.9311,8.4161,5.71,88,0,4.63,DE,1713584307
421,santa terezinha,-29.9002,-50.0904,19.18,80,5,5.51,BR,1713584308
422,sinop,41.7711,34.8709,9.83,84,84,4.55,TR,1713584309
423,den burg,53.0542,4.7972,6.99,74,75,5.66,NL,1713584309
424,margate,51.3813,1.3862,5.94,73,24,4.92,GB,1713584310
425,kharabali,47.4196,47.2568,17.17,65,28,6.14,RU,1713584310
426,freetown,8.484,-13.2299,27.84,78,75,2.57,SL,1713584311
427,san jose del guaviare,2.5729,-72.6459,23.48,96,100,0.76,CO,1713584311
428,lamu,-2.2717,40.902,26.82,86,100,6.42,KE,1713584312
429,howard springs,-12.497,131.047,33.23,54,98,5.12,AU,1713584312
430,laibin,23.7,109.2667,24.4,86,100,0.7,CN,1713584313
431,bulungu,-4.55,18.6,20.74,96,100,0.89,CD,1713584313
432,nadi,-17.8,177.4167,30.0,70,75,3.6,FJ,1713584314
433,saskatoon,52.1168,-106.6345,-3.01,63,20,3.09,CA,1713583725
434,poronaysk,49.2167,143.1167,3.68,90,100,3.38,RU,1713584315
435,sisimiut,66.9395,-53.6735,-6.21,86,100,2.43,GL,1713584315
436,holdrege,40.4403,-99.3698,4.95,61,75,1.54,US,1713584316
437,tocoa,15.6833,-86.0,23.62,100,6,1.43,HN,1713584316
438,ruteng,-8.6136,120.4721,24.33,77,99,0.31,ID,1713584317
439,ust'-kut,56.7938,105.7672,4.69,67,100,1.34,RU,1713584317
440,byalynichy,53.9983,29.7126,2.12,94,95,4.18,BY,1713584318
441,kerikeri,-35.2268,173.9474,22.17,91,62,2.51,NZ,1713584318
442,yomju-up,39.8933,124.5981,17.99,41,98,5.2,KP,1713584319
443,burabay,53.0838,70.3138,18.83,63,5,1.99,KZ,1713584319
444,hafnarfjordur,64.0671,-21.9377,7.93,100,75,6.17,IS,1713584320
445,cotacachi,0.3,-78.2667,12.75,92,100,0.87,EC,1713584320
446,anloga,5.7947,0.8973,28.51,80,94,3.64,GH,1713584321
447,hithadhoo,-0.6,73.0833,29.4,76,25,3.93,MV,1713584321
448,pokhara,28.2333,83.9833,30.29,17,0,3.22,NP,1713584322
449,kpalime,6.9,0.6333,24.54,96,71,0.9,TG,1713584322
450,le port,-20.9373,55.2919,23.98,73,100,3.49,RE,1713584323
451,pacific grove,36.6177,-121.9166,13.47,83,0,2.06,US,1713584323
452,kourou,5.1552,-52.6478,26.03,83,99,3.11,GF,1713584324
453,palamos,41.8484,3.1291,9.5,82,0,1.34,ES,1713584324
454,la ligua,-32.4524,-71.2311,15.16,82,99,1.21,CL,1713584325
455,arrifes,37.7667,-25.7,17.18,94,75,5.66,PT,1713584325
456,san juan,-31.5375,-68.5364,21.63,37,0,3.54,AR,1713584326
457,illizi,26.4833,8.4667,21.89,11,10,3.29,DZ,1713584326
458,kurchatov,51.6601,35.6521,4.23,84,7,3.09,RU,1713584327
459,bandar-e lengeh,26.5579,54.8807,22.06,94,0,2.06,IR,1713584328
460,sona,45.4388,10.8255,7.69,79,29,2.44,IT,1713584328
461,rouissat,31.9243,5.3502,18.04,34,63,7.2,DZ,1713584329
462,cabugao,17.7931,120.4578,34.94,57,6,5.95,PH,1713584329
463,cape town,-33.9258,18.4232,15.05,92,100,2.06,ZA,1713584330
464,kerouane,9.2667,-9.0167,25.55,64,69,2.11,GN,1713584330
465,dunedin,-45.8742,170.5036,13.22,72,51,2.01,NZ,1713584331
466,puerto aysen,-45.4,-72.7,6.61,98,100,2.34,CL,1713584331
467,bodaybo,57.8506,114.1933,5.22,67,98,1.08,RU,1713584332
468,bubaque,11.2833,-15.8333,25.67,76,76,5.86,GW,1713584332
469,panshan,41.1881,122.0494,20.38,28,100,1.25,CN,1713584333
470,aktobe,50.2797,57.2072,14.05,77,0,1.0,KZ,1713584333
471,veraval,20.9,70.3667,29.05,52,0,6.36,IN,1713584334
472,bathsheba,13.2167,-59.5167,27.34,89,75,6.17,BB,1713584334
473,bridgetown,13.1,-59.6167,27.27,89,75,6.17,BB,1713584335
474,"laikit, laikit ii (dimembe)",1.4792,124.9735,31.47,58,40,4.12,ID,1713584335
475,enewetak,11.3474,162.3373,27.52,82,100,8.5,MH,1713584336
476,dzilam gonzalez,21.2833,-88.9333,26.26,62,4,3.49,MX,1713584337
477,nuuk,64.1835,-51.7216,-3.66,74,100,6.17,GL,1713584337
478,rice lake,45.5061,-91.7382,1.82,64,100,8.23,US,1713584338
479,kem',64.9555,34.5793,-9.2,94,100,9.52,RU,1713584338
480,ust-tsilma,65.441,52.1498,-9.66,93,99,3.13,RU,1713584339
481,edmundston,47.3737,-68.3251,10.13,46,100,8.23,CA,1713584339
482,port macquarie,-31.4333,152.9167,21.61,86,99,6.77,AU,1713584340
483,korla,41.7597,86.1469,21.29,24,0,3.81,CN,1713584340
484,fale old settlement,-9.3852,-171.2468,29.96,73,98,5.16,TK,1713584341
485,antsiranana,-12.2787,49.2917,25.42,78,75,3.09,MG,1713584341
486,godalming,51.1846,-0.6173,5.1,71,34,2.57,GB,1713584342
487,tsagan aman,47.5639,46.7218,17.51,64,76,7.1,RU,1713584342
488,gao,16.6362,1.637,28.4,11,15,3.35,ML,1713584343
489,zambezi,-13.5432,23.1047,17.09,74,60,2.09,ZM,1713584343
490,slave lake,55.2834,-114.769,0.99,34,0,1.03,CA,1713584345
491,bac lieu,9.285,105.7244,32.12,51,48,5.44,VN,1713584345
492,bamboo flat,11.7,92.7167,31.39,58,77,2.06,IN,1713584346
493,ambovombe,-25.1667,46.0833,20.61,86,0,3.35,MG,1713584346
494,harper,4.375,-7.7169,27.29,86,42,3.24,LR,1713584347
495,cill airne,52.05,-9.5167,6.5,94,46,1.08,IE,1713584347
496,coruripe,-10.1256,-36.1756,25.64,78,88,3.55,BR,1713584348
497,seven pagodas,12.6264,80.1722,32.03,66,85,6.11,IN,1713584348
498,carutapera,-1.195,-46.02,24.7,95,100,1.93,BR,1713584349
499,konarka,19.9,86.1167,31.22,63,4,7.3,IN,1713584349
500,martapura,-3.4167,114.85,33.05,62,40,1.54,ID,1713584350
501,amasra,41.7463,32.3863,12.31,83,8,2.71,TR,1713584350
502,alaghsas,17.0187,8.0168,28.38,10,62,5.73,NE,1713584351
503,molepolole,-24.4066,25.4951,12.08,48,0,1.52,BW,1713584351
504,kapan,39.2075,46.4058,17.44,71,56,1.08,AM,1713584352
505,trondheim,63.4305,10.3951,2.05,83,76,0.29,NO,1713584352
506,kargil,34.5667,76.1,-0.81,66,44,1.86,IN,1713584353
507,saint-leu,-21.15,55.2833,23.46,71,100,1.03,RE,1713584353
508,san ignacio de velasco,-16.3667,-60.95,21.17,71,59,1.53,BO,1713584354
509,zhangye,38.9342,100.4517,16.95,25,28,2.3,CN,1713584354
510,villa gesell,-37.2639,-56.973,17.81,89,100,3.16,AR,1713584355
511,golyshmanovo,56.3979,68.3728,12.93,82,44,4.47,RU,1713584355
512,inhambane,-23.865,35.3833,17.99,94,20,0.0,MZ,1713584356
513,kone,-21.0595,164.8658,30.08,61,100,1.81,NC,1713584356
514,ugoofaaru,5.6667,73.0,29.18,77,52,3.22,MV,1713584357
515,katsuura,35.1333,140.3,19.83,53,83,3.97,JP,1713584358
516,chauk,20.8833,94.8167,36.89,29,0,6.56,MM,1713584358
517,kushiro,42.975,144.3747,14.53,51,40,10.29,JP,1713584359
518,crucecita,-28.95,-58.9833,15.31,85,0,3.09,AR,1713584359
519,mato verde,-15.3972,-42.8664,20.96,87,36,3.32,BR,1713584360
520,praia da vitoria,38.7333,-27.0667,14.31,94,20,1.97,PT,1713584360
521,bida,9.0833,6.0167,27.07,74,41,1.72,NG,1713584361
522,franceville,-1.6333,13.5836,21.09,96,97,0.51,GA,1713584361
523,pagar alam,-4.0167,103.2667,29.01,61,94,2.0,ID,1713584362
524,nizhnesortymskiy,62.4397,71.7603,-10.95,81,98,4.83,RU,1713584362
525,thames,-37.1333,175.5333,16.54,99,100,0.52,NZ,1713584363
526,meadow lakes,61.6247,-149.6011,10.93,32,0,3.6,US,1713584363
527,howrah,22.5892,88.3103,36.0,46,0,4.12,IN,1713584364
528,sola,-13.8833,167.55,28.46,76,100,3.42,VU,1713584364
529,brookings,44.3114,-96.7984,1.14,59,100,7.2,US,1713584365
530,andergrove,-21.0833,149.1833,29.25,71,49,4.75,AU,1713584365
531,gamay,12.3854,125.2979,31.82,51,74,3.78,PH,1713584366
532,fada,9.5667,8.3,23.12,71,81,1.37,NG,1713584366
533,drayton valley,53.2168,-114.9854,-2.23,54,0,2.74,CA,1713584367
534,antofagasta,-23.65,-70.4,19.6,83,0,1.0,CL,1713584164
535,borazjan,29.2666,51.2159,27.18,31,0,0.36,IR,1713584368
536,choma,-16.8065,26.9531,16.55,67,7,3.13,ZM,1713584368
537,ambon,-3.6954,128.1814,29.08,79,40,4.12,ID,1713584369
538,central,30.5544,-91.0368,24.89,83,92,0.45,US,1713584369
539,ariquemes,-9.9133,-63.0408,23.68,98,100,1.07,BR,1713584370
540,lufilufi,-13.8745,-171.5986,30.88,80,78,6.96,WS,1713584370
541,krotovka,53.2858,51.1686,15.01,66,56,2.83,RU,1713584371
542,canutama,-6.5339,-64.3831,23.73,98,100,0.67,BR,1713584371
543,el porvenir,13.7617,-87.3458,27.63,91,82,1.21,HN,1713584372
544,umm kaddadah,13.6017,26.6876,26.49,14,100,3.56,SD,1713584372
545,ulan bator,47.9077,106.8832,14.07,28,40,5.0,MN,1713584370
546,prince george,53.9166,-122.753,8.69,23,0,3.6,CA,1713583973
547,nieuw amsterdam,5.8833,-55.0833,25.09,84,92,3.67,SR,1713584374
548,bull savanna,17.8868,-77.5902,23.47,78,15,2.61,JM,1713584375
549,alofi,-19.0595,-169.9187,28.94,70,20,6.17,NU,1713584375
550,puerto armuelles,8.2833,-82.8667,27.83,67,96,0.45,PA,1713584376
551,kalix,65.853,23.1565,-8.41,79,100,6.07,SE,1713584377
552,angaur state,6.906,134.13,24.86,95,100,2.47,PW,1713584377
553,jumla,29.2747,82.1838,17.21,26,10,2.31,NP,1713584378
554,happy valley-goose bay,53.3168,-60.3315,3.4,72,95,3.78,CA,1713584378
555,peniche,39.3558,-9.3811,15.31,92,99,2.77,PT,1713584379
556,horta,38.5333,-28.6333,16.12,92,62,2.24,PT,1713584379
557,sabang,5.8933,95.3214,28.46,76,68,5.41,ID,1713584381
558,sannicandro garganico,41.8384,15.5654,3.0,60,18,3.47,IT,1713584381
559,kindu,-2.95,25.95,21.38,100,100,1.27,CD,1713584382
560,tsiombe,-25.3,45.4833,20.37,93,0,2.7,MG,1713584382
561,dihok,36.8695,42.994,20.09,55,48,1.83,IQ,1713584383
562,rabo de peixe,37.8,-25.5833,17.77,99,75,5.66,PT,1713584383
563,shush,32.1942,48.2436,25.96,30,0,3.3,IR,1713584384
564,mount isa,-20.7333,139.5,25.87,22,63,7.2,AU,1713584384
565,la grande,45.3246,-118.0877,8.36,73,33,1.68,US,1713584385
566,kouango,4.9934,19.9619,22.08,88,100,1.46,CF,1713584385
567,san luis,-33.295,-66.3356,17.31,67,13,2.91,AR,1713584386
568,kupiskis,55.8333,24.9667,-0.66,91,99,2.09,LT,1713584387
569,kalemie,-5.9475,29.1947,22.55,84,100,1.09,CD,1713584387
570,golfito,8.639,-83.166,23.16,90,100,0.81,CR,1713584388
571,lower earley,51.4271,-0.9198,4.43,71,37,2.57,GB,1713584388
572,tucuma,-0.1833,-50.05,25.17,92,100,1.67,BR,1713584389
573,mili,6.0815,171.735,26.85,87,82,8.29,MH,1713584390
574,tonghae,37.5439,129.1069,12.79,88,100,2.52,KR,1713584390
575,taltal,-25.4,-70.4833,16.85,92,18,1.17,CL,1713584391
576,holualoa,19.6228,-155.9522,24.91,85,75,4.63,US,1713584392
577,batalha,-9.6778,-37.1247,23.76,88,100,1.45,BR,1713584392
578,irymple,-34.25,142.1667,21.72,48,0,0.45,AU,1713584393
579,ennis,52.8436,-8.9864,3.96,100,0,2.06,IE,1713584393
580,coyhaique,-45.5752,-72.0662,6.97,76,100,1.54,CL,1713584394
581,colby,39.3958,-101.0524,4.62,87,100,5.14,US,1713584394
582,esmeraldas,-19.7625,-44.3139,19.85,89,100,2.41,BR,1713584395
583,vadso,70.0744,29.7487,-3.91,63,100,8.75,NO,1713584395
584,bondo,3.8146,23.6866,20.51,99,100,1.0,CD,1713584397
585,amarante do maranhao,-5.5667,-46.7422,23.16,97,100,1.07,BR,1713584397
586,buka,40.8108,69.1986,22.42,46,98,0.62,UZ,1713584398
